{"cameraMode":{"drawMode":0,"name":"Shaded","section":"Shading Mode"},"sceneLighting":false,"audioPlay":false,"sceneViewState":{"showFog":true,"showMaterialUpdate":false,"showSkybox":false,"showFlares":true,"showImageEffects":true,"showParticleSystems":true},"in2DMode":false,"pivot":{"x":-0.20212413370609284,"y":0.9826793074607849,"z":0.48994940519332888},"rotation":{"x":0.12272248417139054,"y":0.16652575135231019,"z":-0.020883962512016298,"w":0.9781601428985596},"size":1.9276148080825806,"orthographic":false}