{"cameraMode":{"drawMode":0,"name":"Shaded","section":"Shading Mode"},"sceneLighting":false,"audioPlay":false,"sceneViewState":{"showFog":true,"showMaterialUpdate":false,"showSkybox":false,"showFlares":true,"showImageEffects":true,"showParticleSystems":true},"in2DMode":false,"pivot":{"x":0.048000022768974307,"y":0.00044667720794677734,"z":0.20000001788139344},"rotation":{"x":-0.10343387722969055,"y":-0.06149657443165779,"z":0.006349579431116581,"w":-0.9927637577056885},"size":0.7927954792976379,"orthographic":false}