{"cameraMode":{"drawMode":0,"name":"Shaded","section":"Shading Mode"},"sceneLighting":false,"audioPlay":false,"sceneViewState":{"showFog":true,"showMaterialUpdate":false,"showSkybox":false,"showFlares":true,"showImageEffects":true,"showParticleSystems":true},"in2DMode":false,"pivot":{"x":-66.9000015258789,"y":30.200000762939454,"z":-166.7646942138672},"rotation":{"x":-0.21073821187019349,"y":-0.3806198239326477,"z":0.08950036019086838,"w":-0.8959660530090332},"size":-0.21917015314102174,"orthographic":false}